,USER_ID,FIRST_NAME,LAST_NAME,GENDER,EMAIL,PHONE_NUMBER,NATIONALITY,BIRTH_DATE
0,"04d47ac6-9f75-4975-a1e0-bdf0d603f713
",MDRkNDdhY,zYtOWY3NS0,F,MDRkNDdhY.zYtOWY3NS0@gmail.com,+8507405775682,KP,03/01/1971
1,"08222a83-0c5d-4cfc-a6c5-9575311ceb90
",MDgyMjJhODM,tMGM1ZC00Y2,F,MDgyMjJhODM.tMGM1ZC00Y2@gmail.com,+2539340216238,DJ,06/30/1968
2,"0db87c03-93b8-4de1-94bd-0c4ff50e644a
",MGRiODdjM,DMtOTNiOC,M,MGRiODdjM.DMtOTNiOC@gmail.com,+8806470009202,BD,05/17/1998
3,"12e0a919-0b3e-4471-8faa-926fcc1f53ee
",MTJl,MGE5,M,MTJl.MGE5@gmail.com,+2292530976968,BJ,06/02/1975
4,"17126aaa-62ad-42f6-bf97-8e5897b89673
",MTcxMjZhYW,EtNjJhZC00,M,MTcxMjZhYW.EtNjJhZC00@gmail.com,+928997135679,PK,09/05/1987
5,"17f56392-6af0-47b2-b765-d858216e65d1
",MTdm,NTYzO,M,MTdm.NTYzO@gmail.com,+16643091869021,MS,05/31/1990
6,"19b85e39-01c2-43ef-9ae9-de6858339e56
",MTliODV,lMzktMD,F,MTliODV.lMzktMD@gmail.com,+2916476491140,ER,01/14/1963
7,"2457520d-1da9-4da5-b87d-d837f011897d
",MjQ1Nz,UyMGQtM,M,MjQ1Nz.UyMGQtM@gmail.com,+8556914835296,KH,04/24/1996
8,"28016f4a-8711-4202-a8a0-1703f69741a1
",Mjgw,MTZmN,M,Mjgw.MTZmN@gmail.com,+8556127184699,KH,03/10/1965
9,"2c4c6df8-c7b1-4a64-a7cd-2546f829b186
",MmM0Yz,ZkZjgt,M,MmM0Yz.ZkZjgt@gmail.com,+2358872274737,TD,10/09/1985
10,"2d73dd2c-c5b6-4996-8fdb-e2a9d69d3b91
",MmQ3M2,RkMmMt,M,MmQ3M2.RkMmMt@gmail.com,+5905280117410,MF,05/23/1984
11,"2fc40e8d-f77e-41e4-85d8-f2f3284e2f62
",MmZjNDBl,OGQtZjc3,F,MmZjNDBl.OGQtZjc3@gmail.com,+539710615955,CU,12/10/1969
12,"2fd93ab6-8ad9-4f03-8a0c-79811810ea59
",MmZkOTNhYj,YtOGFkOS00,F,MmZkOTNhYj.YtOGFkOS00@gmail.com,+8801472580963,BD,12/19/1964
13,"30fba7d2-8ee6-43f6-89a4-c685981c3675
",MzBmY,mE3ZDI,M,MzBmY.mE3ZDI@gmail.com,+2357719767785,TD,05/13/1974
14,"3806d4a4-dbe1-4adf-887b-39adbe0b8b15
",MzgwNmQ,0YTQtZG,M,MzgwNmQ.0YTQtZG@gmail.com,+5083681054728,PM,12/24/1977
15,"395a0867-040e-4a68-88b9-3c9aaa5b094a
",Mzk1Y,TA4Nj,M,Mzk1Y.TA4Nj@gmail.com,+3579986107706,CY,07/08/1980
16,"3cd57ffe-9ad1-449e-bfaf-e09a2aff7a23
",M2NkN,TdmZmU,F,M2NkN.TdmZmU@gmail.com,+5905578994549,BL,02/26/1979
17,"3ceb7dae-803a-4f92-bd3e-c4e49232aeb2
",M2NlYjdkYW,UtODAzYS00,F,M2NlYjdkYW.UtODAzYS00@gmail.com,+2124398963053,MA,11/25/1993
18,"4adb8637-8843-4f87-87bc-24a5f9fba412
",NGFkY,jg2Mzc,M,NGFkY.jg2Mzc@gmail.com,+369432796586,HU,11/25/1994
19,"4da565db-a67e-4a17-a9a6-147a5970deba
",NGRhNTY,1ZGItYT,F,NGRhNTY.1ZGItYT@gmail.com,+3310275416979,FR,06/08/1973
20,"63796597-a6fa-4e44-b2c3-3d2bd3f7bade
",NjM3,OTY1O,M,NjM3.OTY1O@gmail.com,+326284914115,BE,06/08/1966
21,"684111e4-f11e-44d3-8851-511589465b26
",Njg0MTE,xZTQtZjE,F,Njg0MTE.xZTQtZjE@gmail.com,+5019698027275,BZ,10/11/1992
22,"71612bb6-6035-4d1b-a624-553fab6f9ec6
",NzE2,MTJiY,M,NzE2.MTJiY@gmail.com,+2118774415984,SS,05/19/1995
23,"88276c52-b138-4576-8e9e-d75a05bbf1aa
",ODgyNzZjNTI,tYjEzOC00NT,M,ODgyNzZjNTI.tYjEzOC00NT@gmail.com,+9678616831250,YE,02/11/1969
24,"8d452c22-f359-4868-9020-543d2bf2adf1
",OGQ0NTJj,MjItZjM1O,M,OGQ0NTJj.MjItZjM1O@gmail.com,+9810243422783,IR,05/31/1995
25,"a8480d12-4cc9-453d-86fc-4f73b3ce960b
",YTg0ODBkMT,ItNGNjOS00N,F,YTg0ODBkMT.ItNGNjOS00N@gmail.com,+38310977831205,XK,12/02/1993
26,"a8bc3210-449b-44a8-ac54-b182b13be0fc
",YThi,YzMyM,F,YThi.YzMyM@gmail.com,+9645811565355,IQ,09/02/1982
27,"ab6f6055-0070-47bd-8ec6-5358086426d0
",YWI2Zj,YwNTUt,F,YWI2Zj.YwNTUt@gmail.com,+2206035514060,GM,04/10/1991
28,"c2719f32-e2b1-4289-b1bf-b512df16b86c
",YzI3MT,lmMzItZ,M,YzI3MT.lmMzItZ@gmail.com,+12847425449995,VG,10/25/1978
29,"d1ab801a-d6c5-4183-acdd-f8cdd10b6090
",ZDFhYj,gwMWEtZ,F,ZDFhYj.gwMWEtZ@gmail.com,+2685000060033,SZ,08/02/1960
30,"d23e687d-69e3-4bf8-a21e-b6e82ec786fd
",ZDIzZ,TY4N2Q,M,ZDIzZ.TY4N2Q@gmail.com,+5965950074069,MQ,12/07/1994
31,"d244f092-ebd1-4bdd-8180-b53391fe54bd
",ZDI0NGYwO,TItZWJkMS0,M,ZDI0NGYwO.TItZWJkMS0@gmail.com,+2201255210605,GM,03/13/1981
32,"d3c9db09-1573-47d1-b084-c41264430b5a
",ZDNj,OWRi,F,ZDNj.OWRi@gmail.com,+443015429518,JE,05/16/1975
33,"d86f3c74-c0be-4b31-a239-341317ed85dd
",ZDg2ZjNjNzQ,tYzBiZS00Yj,M,ZDg2ZjNjNzQ.tYzBiZS00Yj@gmail.com,+552981818590,BR,08/07/1980
34,"db8726a8-2a31-4885-994c-bb3c575bda82
",ZGI4,NzI2,F,ZGI4.NzI2@gmail.com,+9722768810181,IL,09/02/1982
35,"dc702a21-f9f5-4bee-8fe3-149a8f44f41b
",ZGM3MD,JhMjEtZ,M,ZGM3MD.JhMjEtZ@gmail.com,+342837741406,ES,07/27/1984
36,"dc964ab7-f9e4-4873-9e1e-59f4a660d443
",ZGM5,NjRh,M,ZGM5.NjRh@gmail.com,+2627613459861,RE,03/05/1986
37,"dcc21330-48ad-4b92-a3ef-000c2b33ff31
",ZGNjM,jEzMzA,F,ZGNjM.jEzMzA@gmail.com,+9756062505005,BT,02/13/1994
38,"e09c722a-7b00-4a62-9205-ea40a984427e
",ZTA5,YzcyM,M,ZTA5.YzcyM@gmail.com,+2917824345986,ER,03/18/1974
39,"e4f9909f-defe-47c0-846f-3e35ef5c4b20
",ZTRmO,TkwOWY,M,ZTRmO.TkwOWY@gmail.com,+2918225213172,ER,05/01/1963
40,"e516bc1f-c841-4710-8b00-b65963e9cb7f
",ZTUxNmJjM,WYtYzg0MS,M,ZTUxNmJjM.WYtYzg0MS@gmail.com,+472473335191,SJ,10/23/1975
41,"f47a94f4-47c7-4b26-8ef6-359cfd5bf7a3
",ZjQ3YTk0Z,jQtNDdjNy,M,ZjQ3YTk0Z.jQtNDdjNy@gmail.com,+3817043713035,RS,01/20/1972
42,"f8082749-d4a8-413a-b01e-2a4b81b0fde2
",ZjgwOD,I3NDktZ,M,ZjgwOD.I3NDktZ@gmail.com,+5945442701465,GF,11/06/1970
43,"fb9ab1f8-a80b-49c5-a63e-55ff7f68a55c
",ZmI5YWI,xZjgtYTg,F,ZmI5YWI.xZjgtYTg@gmail.com,+2407264403105,GQ,06/19/1980
44,"fc7e64a1-5670-4317-88b9-086c481e8c6e
",ZmM3Z,TY0YT,M,ZmM3Z.TY0YT@gmail.com,+9937712372661,TM,08/31/1982
45,"fccb9b37-a702-4427-9b6e-9c6c8aba8256
",ZmNjYj,liMzctY,F,ZmNjYj.liMzctY@gmail.com,+6758929624187,PG,02/08/1980
46,"ceb8c02a-690f-42c1-84fe-704b3c6c9784
",Y2ViOG,MwMmEtN,F,Y2ViOG.MwMmEtN@gmail.com,+3751254494669,BY,06/07/1998
47,"ccc9f3c0-9317-4b85-835a-58d1d29dd4f3
",Y2NjOW,YzYzAt,M,Y2NjOW.YzYzAt@gmail.com,+9744488035773,QA,02/19/1960
48,"a4f35905-71ab-46ac-b262-ac7d93f7eb73
",YTRmMzU5MD,UtNzFhYi00,M,YTRmMzU5MD.UtNzFhYi00@gmail.com,+2994499891437,GL,08/26/1963
49,"b84cfa7f-aeb6-4f58-b99d-92b6a64479ff
",Yjg0Y2ZhN2,YtYWViNi00,M,Yjg0Y2ZhN2.YtYWViNi00@gmail.com,+2328020486711,SL,12/20/1990
50,"ec36c667-e321-45ca-8694-9742edfd5a55
",ZWMzNmM2Nj,ctZTMyMS00N,M,ZWMzNmM2Nj.ctZTMyMS00N@gmail.com,+9644329108406,IQ,11/18/1967
51,"c738d614-7ddb-44b7-92ce-4205514edaa6
",YzczOGQ2M,TQtN2RkYi,M,YzczOGQ2M.TQtN2RkYi@gmail.com,+9715807312131,AE,03/26/1964
52,"6ef921ac-1248-4313-b4bc-b9bd29bfb69c
",NmVmOTI,xYWMtMT,F,NmVmOTI.xYWMtMT@gmail.com,+3863290545557,SI,01/02/1987
53,"4b650860-ca40-4670-b679-92d8b2db001c
",NGI2NTA4,NjAtY2E0M,M,NGI2NTA4.NjAtY2E0M@gmail.com,+2668162753703,LS,12/19/1964
54,"86f33401-fa47-4cb0-a9be-acc56f328706
",ODZmMzM,0MDEtZm,M,ODZmMzM.0MDEtZm@gmail.com,+611735719146,CC,01/01/1977
55,"08a8bdfc-2def-4099-b71b-3df64c377c5d
",MDhh,OGJkZ,F,MDhh.OGJkZ@gmail.com,+2385958151834,CV,06/22/1990
56,"dbe96a8d-ad17-4610-aba0-cea9dbb260e3
",ZGJl,OTZhO,M,ZGJl.OTZhO@gmail.com,+2206024392771,GM,10/18/1963
57,"e91afa39-4780-491f-8ddd-5ee336ec52f1
",ZTkxY,WZhMzk,M,ZTkxY.WZhMzk@gmail.com,+2259079454334,CI,10/18/1988
58,"c7b82162-1d60-42b7-9dc5-39d57bb506a9
",YzdiODIxNjI,tMWQ2MC00Mm,F,YzdiODIxNjI.tMWQ2MC00Mm@gmail.com,+2382535386257,CV,07/23/1973
59,"523977a6-3b59-4e12-bb5f-bc30c0cd77d2
",NTIzO,Tc3YTY,F,NTIzO.Tc3YTY@gmail.com,+2314571343029,LR,04/23/1997
60,"505b2165-5089-4ba1-85d9-ab0eedddb6ff
",NTA1YjI,xNjUtNT,F,NTA1YjI.xNjUtNT@gmail.com,+561541604989,CL,02/09/1999
61,"17bf6154-82cf-4f89-9c86-92b138495f89
",MTdiZjY,xNTQtODJ,M,MTdiZjY.xNTQtODJ@gmail.com,+17846162845468,VC,02/12/1974
62,"a023f786-502e-4ce9-ac2c-969aac379c22
",YTAyM2Y3O,DYtNTAyZS0,M,YTAyM2Y3O.DYtNTAyZS0@gmail.com,+5003123924884,FK,05/18/1977
63,"110749c7-6b27-4bfb-bb92-ab1010b73ba5
",MTEwNzQ,5YzctNmI,F,MTEwNzQ.5YzctNmI@gmail.com,+271241719583,ZA,04/09/1988
64,"5e968f61-63dd-4b81-9cb8-2825c4c999bb
",NWU5NjhmNj,EtNjNkZC00Y,M,NWU5NjhmNj.EtNjNkZC00Y@gmail.com,+2549812318120,KE,05/05/1989
65,"c48f4e9f-dc83-4116-9491-d2868b3ee11f
",YzQ4ZjRlO,WYtZGM4My,M,YzQ4ZjRlO.WYtZGM4My@gmail.com,+3735763300604,MD,08/20/1984
66,"33a08846-cfdb-48d0-b2e1-f96e29d04dd7
",MzNhMDg4,NDYtY2Zk,M,MzNhMDg4.NDYtY2Zk@gmail.com,+5914845627858,BO,09/07/1989
67,"25b6664f-c303-4db1-918c-388541805859
",MjViNj,Y2NGYtY,F,MjViNj.Y2NGYtY@gmail.com,+5919813644159,BO,03/26/1980
68,"66d51f0e-a781-43c7-abe9-20b990606b1e
",NjZkNT,FmMGUt,F,NjZkNT.FmMGUt@gmail.com,+17678741709312,DM,11/18/1987
69,"629c6321-2791-4610-83da-b30c7d8cc073
",NjI5YzYz,MjEtMjc5,M,NjI5YzYz.MjEtMjc5@gmail.com,+2257247914876,CI,06/25/1988
70,"0997c076-4119-46e1-90e0-7acc29c1d606
",MDk5N2MwN,zYtNDExOS,M,MDk5N2MwN.zYtNDExOS@gmail.com,+5925873821127,GY,07/02/1975
71,"6e75ee2c-da73-4dd7-bf4b-210a4fa3dc9b
",NmU3NW,VlMmMtZ,F,NmU3NW.VlMmMtZ@gmail.com,+2579984178079,BI,08/29/1961
72,"3f960fd1-33db-4aa5-8105-cd502d10302b
",M2Y5NjBmZ,DEtMzNkYi0,M,M2Y5NjBmZ.DEtMzNkYi0@gmail.com,+2239696705592,ML,02/06/1975
73,"6861966e-930e-4a42-ab6e-eed13e3d3be4
",Njg2MTk,2NmUtOTM,M,Njg2MTk.2NmUtOTM@gmail.com,+2422013126737,CG,08/27/1992
74,"12d8c4c0-a472-4da5-950b-ce02b426d32c
",MTJkOG,M0YzAt,F,MTJkOG.M0YzAt@gmail.com,+6752835498910,PG,06/16/1966
75,"f4f9e561-e6df-43e8-8f22-39f5f2cf5f4a
",ZjRm,OWU1N,F,ZjRm.OWU1N@gmail.com,+5098666431694,HT,12/12/1972
76,"ec8f936f-c223-417c-8ea6-9d8bed2d3760
",ZWM4Z,jkzNmY,F,ZWM4Z.jkzNmY@gmail.com,+5909297538160,BL,01/15/1970
77,"3a82b13e-f4aa-4a26-a22c-05c965572788
",M2E4MmIxM,2UtZjRhYS,M,M2E4MmIxM.2UtZjRhYS@gmail.com,+2284549681372,TG,09/29/1990
78,"be2fd9f8-46e1-4d4b-96a4-4bc82feccdd0
",YmUyZmQ5,ZjgtNDZlM,F,YmUyZmQ5.ZjgtNDZlM@gmail.com,+2181196598478,LY,02/21/1980
79,"ee8ec15e-dc50-4022-b285-c85f0117d201
",ZWU4Z,WMxNWU,M,ZWU4Z.WMxNWU@gmail.com,+3707047814568,LT,01/28/1976
80,"87b49eba-3e6c-4585-8e38-ff164cdb33f6
",ODdiNDl,lYmEtM2U,F,ODdiNDl.lYmEtM2U@gmail.com,+555577341871,BR,01/27/1992
81,"d0b939b2-da8a-4c2c-9ff8-28a7dcf7d775
",ZDBiOT,M5YjItZ,M,ZDBiOT.M5YjItZ@gmail.com,+8509292100746,KP,06/07/1998
82,"92008169-91d7-4e9f-919d-882058875aab
",OTIwMDgxN,jktOTFkNy,M,OTIwMDgxN.jktOTFkNy@gmail.com,+5051401736309,NI,07/24/1978
83,"db17d12f-b57e-4c47-a5fa-fc3a0dfa84b7
",ZGIxN2,QxMmYt,F,ZGIxN2.QxMmYt@gmail.com,+5016935164272,BZ,02/01/1971
84,"e34daa5d-fb80-416b-9bf5-5537bbfed7a6
",ZTM0ZG,FhNWQt,M,ZTM0ZG.FhNWQt@gmail.com,+18687581088727,TT,08/04/1997
85,"1310863b-b43f-49d2-bad1-3d4d3b46eddb
",MTMxMD,g2M2It,M,MTMxMD.g2M2It@gmail.com,+38610982321183,SI,02/11/1998
86,"7e5e2ad3-b9c9-4bfb-9c65-e6297e210a4f
",N2U1Z,TJhZDM,M,N2U1Z.TJhZDM@gmail.com,+3738296424514,MD,10/13/1995
87,"4aba02f0-d38d-4fa6-8e89-2fbdc01411da
",NGFiYTA,yZjAtZD,F,NGFiYTA.yZjAtZD@gmail.com,+3729210224508,EE,07/04/1962
88,"209510a3-3fe8-4124-992e-db478ef11378
",MjA5NTEw,YTMtM2ZlO,M,MjA5NTEw.YTMtM2ZlO@gmail.com,+277647078098,ZA,07/24/1961
89,"8f630673-631e-4981-bf4e-af479e0130fc
",OGY2MzA2N,zMtNjMxZS0,M,OGY2MzA2N.zMtNjMxZS0@gmail.com,+2694085944351,KM,02/23/1983
90,"c11573a1-5008-42f4-b40a-43e79504624b
",YzExNTcz,YTEtNTAw,M,YzExNTcz.YTEtNTAw@gmail.com,+3782781651175,SM,03/26/1975
91,"8dfd8064-c4a6-4754-bea1-8ab14d951997
",OGRmZDgw,NjQtYzRhN,F,OGRmZDgw.NjQtYzRhN@gmail.com,+110730664651,US,10/18/1982
92,"0fb7bb10-16dd-41aa-ad6c-f02fdf568b47
",MGZi,N2JiM,M,MGZi.N2JiM@gmail.com,+16495268997523,TC,11/01/1991
93,"b61982db-4ac4-4d38-9f21-e8d3097fdaa7
",YjYxOTgyZ,GItNGFjNC,M,YjYxOTgyZ.GItNGFjNC@gmail.com,+2621134147000,RE,05/28/1984
94,"cf06662f-a20f-404b-8788-78fecd48c407
",Y2YwN,jY2MmY,M,Y2YwN.jY2MmY@gmail.com,+2186532402936,LY,05/07/1994
95,"a7981edb-234d-42ce-938a-8dd7aed43c98
",YTc5ODFl,ZGItMjM0,M,YTc5ODFl.ZGItMjM0@gmail.com,+491037079118,DE,09/21/1993
96,"47227935-085f-4877-8573-f56a3d7717a6
",NDcy,Mjc5M,F,NDcy.Mjc5M@gmail.com,+6894124602191,PF,11/02/1970
97,"c784459f-51b3-455b-b989-7f1794e1aa10
",Yzc4ND,Q1OWYtN,M,Yzc4ND.Q1OWYtN@gmail.com,+4204354704917,CZ,01/12/1988
98,"8b90819a-37d6-4975-ba77-7a56c797cea2
",OGI5MDgxO,WEtMzdkNi0,M,OGI5MDgxO.WEtMzdkNi0@gmail.com,+26310431596575,ZW,09/21/1964
99,ba00f623-83da-41da-a534-d6b2cdca8978,YmEwMGY2,MjMtODNkY,F,YmEwMGY2.MjMtODNkY@gmail.com,+4710506655659,BV,10/04/1982
